{"long": [[1.46875, 0.4479166567325592], [0.9479166865348816, 0.3854166567325592], [1.09375, 0.6979166865348816], [1.4479166269302368, 0.8229166865348816], [1.8229166269302368, 0.6979166865348816], [1.9895833730697632, 0.3854166567325592], [0.5104166865348816, 0.6354166865348816], [0.3645833432674408, 1.40625], [0.3229166567325592, 2.2395832538604736], [0.3020833432674408, 2.9270832538604736], [0.3229166567325592, 3.6145832538604736], [0.59375, 3.6145832538604736], [0.65625, 2.9270832538604736], [0.65625, 2.2604167461395264], [0.71875, 1.8229166269302368], [0.78125, 1.4270833730697632], [0.8229166865348816, 1.5729166269302368], [0.8020833134651184, 2.46875], [0.65625, 3.46875], [1.4895833730697632, 3.5104167461395264], [2.3229167461395264, 3.4270832538604736], [2.15625, 2.4270832538604736], [2.1145832538604736, 1.5520833730697632], [2.15625, 1.40625], [2.2604167461395264, 1.7604166269302368], [2.3229167461395264, 2.28125], [2.3645832538604736, 2.9270832538604736], [2.4270832538604736, 3.59375], [2.6979167461395264, 3.59375], [2.6979167461395264, 2.90625], [2.65625, 2.2395832538604736], [2.59375, 1.40625], [2.40625, 0.6145833134651184]], "vest": [[1.46875, 0.4479166567325592], [0.9479166865348816, 0.3854166567325592], [1.09375, 0.6979166865348816], [1.4479166269302368, 0.8229166865348816], [1.8229166269302368, 0.6979166865348816], [1.9895833730697632, 0.3854166567325592], [0.5104166865348816, 0.6354166865348816], [0.8229166865348816, 1.5729166269302368], [0.8020833134651184, 2.46875], [0.65625, 3.46875], [1.4895833730697632, 3.5104167461395264], [2.3229167461395264, 3.4270832538604736], [2.15625, 2.4270832538604736], [2.1145832538604736, 1.5520833730697632], [2.40625, 0.6145833134651184]], "sling": [[1.46875, 0.4479166567325592], [0.65625, 2.2604167461395264], [1.1354166269302368, 0.71875], [1.4479166269302368, 0.8229166865348816], [1.78125, 0.71875], [2.3229167461395264, 2.28125], [0.5104166865348816, 0.6145833134651184], [0.8229166865348816, 1.5729166269302368], [0.8020833134651184, 2.46875], [0.6770833134651184, 3.46875], [1.4895833730697632, 3.5104167461395264], [2.3229167461395264, 3.4270832538604736], [2.15625, 2.4270832538604736], [2.1145832538604736, 1.5520833730697632], [2.4270832538604736, 0.6145833134651184]]}