{"long": [[1.5104166269302368, 0.28125], [1.1770833730697632, 0.3020833432674408], [1.28125, 0.5520833134651184], [1.5104166269302368, 0.7395833134651184], [1.71875, 0.5520833134651184], [1.8229166269302368, 0.3020833432674408], [0.6354166865348816, 0.6354166865348816], [0.6770833134651184, 1.0520833730697632], [0.65625, 0.6354166865348816], [1.1770833730697632, 0.3229166567325592], [0.6770833134651184, 0.6770833134651184], [1.2604166269302368, 1.34375], [0.8229166865348816, 1.9270833730697632], [0.8020833134651184, 1.3645833730697632], [0.71875, 1.28125], [0.71875, 1.2395833730697632], [0.7395833134651184, 1.3854166269302368], [0.7395833134651184, 2.3854167461395264], [0.65625, 3.5729167461395264], [1.4895833730697632, 3.7604167461395264], [2.34375, 3.5729167461395264], [2.2395832538604736, 2.4270832538604736], [2.2604167461395264, 1.4270833730697632], [2.28125, 1.1979166269302368], [2.28125, 1.28125], [2.1979167461395264, 1.4479166269302368], [2.1770832538604736, 1.9479166269302368], [1.6979166269302368, 1.40625], [1.6770833730697632, 1.40625], [1.8229166269302368, 0.3229166567325592], [2.3645832538604736, 0.6145833134651184], [2.3229167461395264, 0.96875], [2.3645832538604736, 0.6145833134651184]], "vest": [[1.5104166269302368, 0.28125], [1.1770833730697632, 0.3020833432674408], [1.28125, 0.5520833134651184], [1.5104166269302368, 0.7395833134651184], [1.71875, 0.5520833134651184], [1.8229166269302368, 0.3020833432674408], [0.6354166865348816, 0.6354166865348816], [0.7395833134651184, 1.3854166269302368], [0.7395833134651184, 2.3854167461395264], [0.65625, 3.5729167461395264], [1.4895833730697632, 3.7604167461395264], [2.34375, 3.5729167461395264], [2.2395832538604736, 2.4270832538604736], [2.2604167461395264, 1.4270833730697632], [2.3645832538604736, 0.6145833134651184]], "sling": [[1.4895833730697632, 0.3229166567325592], [0.8020833134651184, 1.34375], [1.46875, 1.3645833730697632], [1.5104166269302368, 0.7395833134651184], [1.5729166269302368, 1.34375], [1.71875, 0.5520833134651184], [1.2395833730697632, 0.5104166865348816], [0.7395833134651184, 1.3854166269302368], [0.7395833134651184, 2.3854167461395264], [0.65625, 3.5729167461395264], [1.4895833730697632, 3.7604167461395264], [2.34375, 3.5729167461395264], [2.2395832538604736, 2.4270832538604736], [2.2604167461395264, 1.4270833730697632], [1.7604166269302368, 0.5104166865348816]]}