{"long": [[1.4895833730697632, 0.6979166865348816], [1.1770833730697632, 0.6770833134651184], [1.2604166269302368, 0.8645833134651184], [1.5104166269302368, 0.96875], [1.7395833730697632, 0.8645833134651184], [1.84375, 0.6770833134651184], [0.65625, 0.8854166865348816], [0.46875, 1.5104166269302368], [0.3645833432674408, 1.90625], [0.3229166567325592, 2.03125], [0.28125, 2.1770832538604736], [0.7395833134651184, 2.28125], [0.7604166865348816, 2.1979167461395264], [0.78125, 2.1145832538604736], [0.78125, 1.9479166269302368], [0.78125, 1.6145833730697632], [0.8020833134651184, 1.8020833730697632], [0.8020833134651184, 2.53125], [0.78125, 3.3229167461395264], [1.53125, 3.3229167461395264], [2.28125, 3.3229167461395264], [2.2604167461395264, 2.5104167461395264], [2.2604167461395264, 1.8020833730697632], [2.28125, 1.6354166269302368], [2.2604167461395264, 1.9479166269302368], [2.28125, 2.09375], [2.28125, 2.1770832538604736], [2.3020832538604736, 2.2604167461395264], [2.71875, 2.1770832538604736], [2.6979167461395264, 2.03125], [2.65625, 1.9270833730697632], [2.5729167461395264, 1.53125], [2.3645832538604736, 0.9270833134651184]], "vest": [[1.4895833730697632, 0.6979166865348816], [1.1770833730697632, 0.6770833134651184], [1.2604166269302368, 0.8645833134651184], [1.5104166269302368, 0.96875], [1.7395833730697632, 0.8645833134651184], [1.84375, 0.6770833134651184], [0.65625, 0.8854166865348816], [0.8020833134651184, 1.78125], [0.8020833134651184, 2.53125], [0.78125, 3.3229167461395264], [1.53125, 3.3229167461395264], [2.28125, 3.3229167461395264], [2.2604167461395264, 2.5104167461395264], [2.2604167461395264, 1.78125], [2.3645832538604736, 0.9270833134651184]], "sling": [[1.4895833730697632, 0.6979166865348816], [0.78125, 2.09375], [1.3229166269302368, 0.9895833134651184], [1.5104166269302368, 0.96875], [1.6770833730697632, 0.9895833134651184], [2.28125, 2.0520832538604736], [0.65625, 0.8854166865348816], [0.8020833134651184, 1.78125], [0.8020833134651184, 2.53125], [0.78125, 3.3229167461395264], [1.53125, 3.3229167461395264], [2.28125, 3.3229167461395264], [2.2604167461395264, 2.5104167461395264], [2.2604167461395264, 1.78125], [2.3645832538604736, 0.9270833134651184]]}