{"long": [[1.4895833730697632, 0.6770833134651184], [1.0520833730697632, 0.59375], [1.21875, 0.78125], [1.4895833730697632, 0.84375], [1.7604166269302368, 0.78125], [1.9270833730697632, 0.59375], [0.59375, 0.8020833134651184], [0.3854166567325592, 1.21875], [0.3229166567325592, 1.4270833730697632], [0.28125, 1.5104166269302368], [0.2604166567325592, 1.6145833730697632], [0.65625, 1.8020833730697632], [0.6770833134651184, 1.71875], [0.6979166865348816, 1.6770833730697632], [0.71875, 1.6770833730697632], [0.7395833134651184, 1.5729166269302368], [0.8020833134651184, 1.6770833730697632], [0.84375, 2.4479167461395264], [0.7395833134651184, 3.3854167461395264], [1.53125, 3.4270832538604736], [2.34375, 3.3645832538604736], [2.21875, 2.40625], [2.1979167461395264, 1.6354166269302368], [2.2604167461395264, 1.5104166269302368], [2.28125, 1.6145833730697632], [2.3229167461395264, 1.6770833730697632], [2.34375, 1.6979166269302368], [2.3645832538604736, 1.7604166269302368], [2.7395832538604736, 1.59375], [2.7395832538604736, 1.5104166269302368], [2.6770832538604736, 1.3645833730697632], [2.6145832538604736, 1.1979166269302368], [2.40625, 0.78125]], "vest": [[1.4895833730697632, 0.6979166865348816], [1.0520833730697632, 0.59375], [1.21875, 0.78125], [1.4895833730697632, 0.84375], [1.7604166269302368, 0.78125], [1.9270833730697632, 0.59375], [0.59375, 0.8020833134651184], [0.8020833134651184, 1.6770833730697632], [0.84375, 2.4479167461395264], [0.7395833134651184, 3.3854167461395264], [1.53125, 3.4270832538604736], [2.34375, 3.3645832538604736], [2.21875, 2.40625], [2.1770832538604736, 1.6354166269302368], [2.40625, 0.78125]], "sling": [[1.4895833730697632, 0.6979166865348816], [0.6979166865348816, 1.65625], [1.34375, 1.4479166269302368], [1.4895833730697632, 0.84375], [1.65625, 1.4479166269302368], [2.3229167461395264, 1.6770833730697632], [0.6354166865348816, 0.78125], [0.8020833134651184, 1.6770833730697632], [0.84375, 2.4479167461395264], [0.7395833134651184, 3.3854167461395264], [1.53125, 3.4270832538604736], [2.34375, 3.3645832538604736], [2.21875, 2.40625], [2.1770832538604736, 1.6354166269302368], [2.34375, 0.7604166865348816]]}