{"long": [[1.4895833730697632, 0.3645833432674408], [1.28125, 0.3020833432674408], [1.3645833730697632, 0.40625], [1.4895833730697632, 1.21875], [1.6145833730697632, 0.40625], [1.71875, 0.3229166567325592], [0.6354166865348816, 0.6354166865348816], [0.4270833432674408, 1.40625], [0.3229166567325592, 2.1145832538604736], [0.28125, 2.8645832538604736], [0.3229166567325592, 3.65625], [0.5729166865348816, 3.6770832538604736], [0.59375, 2.84375], [0.6354166865348816, 2.15625], [0.71875, 1.6770833730697632], [0.8020833134651184, 1.28125], [0.84375, 1.46875], [0.90625, 2.21875], [0.6979166865348816, 3.1979167461395264], [1.4895833730697632, 3.2604167461395264], [2.3020832538604736, 3.1979167461395264], [2.09375, 2.21875], [2.1145832538604736, 1.46875], [2.15625, 1.3020833730697632], [2.28125, 1.6770833730697632], [2.3645832538604736, 2.15625], [2.40625, 2.84375], [2.4270832538604736, 3.6145832538604736], [2.6979167461395264, 3.6145832538604736], [2.71875, 2.8645832538604736], [2.6979167461395264, 2.1145832538604736], [2.5729167461395264, 1.34375], [2.34375, 0.6354166865348816]], "vest": [[1.4895833730697632, 0.3645833432674408], [1.28125, 0.3020833432674408], [1.3645833730697632, 0.40625], [1.4895833730697632, 1.21875], [1.6145833730697632, 0.40625], [1.71875, 0.3229166567325592], [0.6354166865348816, 0.6354166865348816], [0.84375, 1.46875], [0.8854166865348816, 2.2395832538604736], [0.6979166865348816, 3.1979167461395264], [1.4895833730697632, 3.2604167461395264], [2.3020832538604736, 3.1979167461395264], [2.09375, 2.21875], [2.1145832538604736, 1.46875], [2.3229167461395264, 0.6354166865348816]], "sling": [[1.4895833730697632, 0.3645833432674408], [0.6354166865348816, 2.15625], [1.46875, 1.4270833730697632], [1.4895833730697632, 1.21875], [1.4895833730697632, 1.4270833730697632], [2.3645832538604736, 2.15625], [1.28125, 0.34375], [0.84375, 1.46875], [0.8854166865348816, 2.2395832538604736], [0.6979166865348816, 3.1979167461395264], [1.4895833730697632, 3.2604167461395264], [2.3020832538604736, 3.1979167461395264], [2.09375, 2.21875], [2.1145832538604736, 1.46875], [1.6979166269302368, 0.40625]]}