{"long": [[1.4895833730697632, 0.5729166865348816], [1.0520833730697632, 0.4479166567325592], [1.1770833730697632, 0.71875], [1.4895833730697632, 0.8229166865348816], [1.8020833730697632, 0.71875], [1.9270833730697632, 0.4479166567325592], [0.46875, 0.7604166865348816], [0.3645833432674408, 1.21875], [0.3020833432674408, 1.53125], [0.28125, 1.59375], [0.2604166567325592, 1.6979166269302368], [0.71875, 1.84375], [0.71875, 1.7604166269302368], [0.7395833134651184, 1.6770833730697632], [0.7395833134651184, 1.65625], [0.71875, 1.5104166269302368], [0.78125, 1.6354166269302368], [0.71875, 2.4895832538604736], [0.6354166865348816, 3.5104167461395264], [1.4895833730697632, 3.53125], [2.3645832538604736, 3.53125], [2.28125, 2.4895832538604736], [2.21875, 1.65625], [2.2395832538604736, 1.53125], [2.2395832538604736, 1.6354166269302368], [2.2604167461395264, 1.6770833730697632], [2.28125, 1.71875], [2.28125, 1.78125], [2.71875, 1.6354166269302368], [2.6979167461395264, 1.5520833730697632], [2.6770832538604736, 1.46875], [2.6354167461395264, 1.1979166269302368], [2.5104167461395264, 0.7604166865348816]], "vest": [[1.4895833730697632, 0.5729166865348816], [1.0520833730697632, 0.4479166567325592], [1.1770833730697632, 0.71875], [1.4895833730697632, 0.8229166865348816], [1.8020833730697632, 0.71875], [1.9270833730697632, 0.4479166567325592], [0.46875, 0.7604166865348816], [0.8020833134651184, 1.6145833730697632], [0.71875, 2.4895832538604736], [0.6354166865348816, 3.5104167461395264], [1.4895833730697632, 3.53125], [2.3645832538604736, 3.53125], [2.28125, 2.4895832538604736], [2.21875, 1.65625], [2.5104167461395264, 0.7604166865348816]], "sling": [[1.4895833730697632, 0.65625], [0.71875, 1.6770833730697632], [1.1979166269302368, 0.71875], [1.4895833730697632, 0.8229166865348816], [1.78125, 0.71875], [2.2395832538604736, 1.6770833730697632], [1.0520833730697632, 0.4479166567325592], [0.8020833134651184, 1.6145833730697632], [0.71875, 2.4895832538604736], [0.6354166865348816, 3.5104167461395264], [1.4895833730697632, 3.53125], [2.3645832538604736, 3.53125], [2.28125, 2.4895832538604736], [2.21875, 1.65625], [1.9270833730697632, 0.4479166567325592]]}