{"long": [[1.53125, 0.5729166865348816], [1.21875, 0.5520833134651184], [1.3645833730697632, 0.65625], [1.5520833730697632, 0.6979166865348816], [1.71875, 0.65625], [1.8229166269302368, 0.5729166865348816], [0.6770833134651184, 0.8229166865348816], [0.4895833432674408, 1.3645833730697632], [0.40625, 1.9479166269302368], [0.3645833432674408, 2.4270832538604736], [0.28125, 2.96875], [0.7604166865348816, 3.03125], [0.7604166865348816, 2.53125], [0.84375, 2.1354167461395264], [0.8645833134651184, 1.8229166269302368], [0.90625, 1.5104166269302368], [0.90625, 1.6354166269302368], [0.84375, 2.40625], [0.7604166865348816, 3.3645832538604736], [1.5520833730697632, 3.46875], [2.3020832538604736, 3.3854167461395264], [2.21875, 2.3854167461395264], [2.21875, 1.65625], [2.2395832538604736, 1.5104166269302368], [2.21875, 1.84375], [2.2395832538604736, 2.1979167461395264], [2.28125, 2.5729167461395264], [2.3229167461395264, 3.09375], [2.71875, 3.09375], [2.6770832538604736, 2.46875], [2.6354167461395264, 2.03125], [2.59375, 1.4479166269302368], [2.4270832538604736, 0.8854166865348816]], "vest": [[1.53125, 0.5729166865348816], [1.21875, 0.5520833134651184], [1.3645833730697632, 0.65625], [1.5520833730697632, 0.6979166865348816], [1.6979166269302368, 0.65625], [1.8229166269302368, 0.5729166865348816], [0.6770833134651184, 0.8229166865348816], [0.90625, 1.6145833730697632], [0.84375, 2.40625], [0.7604166865348816, 3.3645832538604736], [1.5520833730697632, 3.46875], [2.3020832538604736, 3.3854167461395264], [2.21875, 2.40625], [2.21875, 1.6354166269302368], [2.4270832538604736, 0.8854166865348816]], "sling": [[1.53125, 0.59375], [0.84375, 2.1354167461395264], [1.4895833730697632, 1.5104166269302368], [1.5520833730697632, 0.6979166865348816], [1.5729166269302368, 1.5104166269302368], [2.2395832538604736, 2.1979167461395264], [1.2395833730697632, 0.59375], [0.90625, 1.6145833730697632], [0.84375, 2.40625], [0.7604166865348816, 3.3645832538604736], [1.5520833730697632, 3.46875], [2.3020832538604736, 3.3854167461395264], [2.21875, 2.40625], [2.21875, 1.6354166269302368], [1.8020833730697632, 0.59375]]}