{"long": [[1.5104166269302368, 0.3854166567325592], [1.0520833730697632, 0.2604166567325592], [1.28125, 0.6979166865348816], [1.46875, 1.1354166269302368], [1.7395833730697632, 0.71875], [1.9479166269302368, 0.2604166567325592], [0.71875, 0.34375], [0.7604166865348816, 0.9479166865348816], [0.71875, 0.34375], [1.7604166269302368, 1.6979166269302368], [2.21875, 2.34375], [2.21875, 2.28125], [1.8854166269302368, 1.90625], [1.40625, 1.28125], [0.8229166865348816, 1.2395833730697632], [0.78125, 0.9479166865348816], [0.78125, 1.09375], [0.8229166865348816, 1.90625], [0.6354166865348816, 2.84375], [1.53125, 3.7604167461395264], [2.34375, 2.8229167461395264], [2.15625, 1.9270833730697632], [2.21875, 1.1354166269302368], [2.21875, 0.9895833134651184], [2.1770832538604736, 1.3229166269302368], [1.7395833730697632, 1.6354166269302368], [1.8854166269302368, 2.0104167461395264], [2.1354167461395264, 2.34375], [2.21875, 2.34375], [2.1354167461395264, 2.03125], [2.2604167461395264, 0.3020833432674408], [2.21875, 1.09375], [2.2604167461395264, 0.3229166567325592]], "vest": [[1.5104166269302368, 0.3854166567325592], [1.0520833730697632, 0.2604166567325592], [1.28125, 0.6979166865348816], [1.46875, 1.1354166269302368], [1.7395833730697632, 0.71875], [1.9479166269302368, 0.2604166567325592], [0.71875, 0.34375], [0.78125, 1.09375], [0.8229166865348816, 1.90625], [0.6354166865348816, 2.84375], [1.53125, 3.7604167461395264], [2.34375, 2.8229167461395264], [2.15625, 1.9270833730697632], [2.21875, 1.1145833730697632], [2.2604167461395264, 0.3229166567325592]], "sling": [[1.5104166269302368, 0.3854166567325592], [1.40625, 1.28125], [1.4479166269302368, 1.09375], [1.46875, 1.1354166269302368], [1.5104166269302368, 1.09375], [1.7395833730697632, 1.59375], [0.7604166865348816, 0.3020833432674408], [0.78125, 1.09375], [0.8229166865348816, 1.90625], [0.6354166865348816, 2.84375], [1.53125, 3.7604167461395264], [2.34375, 2.8229167461395264], [2.15625, 1.9270833730697632], [2.21875, 1.1145833730697632], [2.2395832538604736, 0.3020833432674408]]}