{"long": [[1.5104166269302368, 0.6770833134651184], [1.15625, 0.6354166865348816], [1.2604166269302368, 0.8229166865348816], [1.5104166269302368, 0.8854166865348816], [1.7604166269302368, 0.8020833134651184], [1.8645833730697632, 0.6354166865348816], [0.65625, 0.8229166865348816], [0.4895833432674408, 1.1770833730697632], [0.40625, 1.3020833730697632], [0.34375, 1.40625], [0.3020833432674408, 1.4895833730697632], [0.7604166865348816, 1.71875], [0.7395833134651184, 1.6979166269302368], [0.7604166865348816, 1.65625], [0.7604166865348816, 1.6145833730697632], [0.78125, 1.5104166269302368], [0.8229166865348816, 1.6354166269302368], [0.8854166865348816, 2.40625], [0.8229166865348816, 3.3645832538604736], [1.5520833730697632, 3.3854167461395264], [2.2604167461395264, 3.3229167461395264], [2.1354167461395264, 2.40625], [2.21875, 1.6145833730697632], [2.28125, 1.4895833730697632], [2.28125, 1.5729166269302368], [2.28125, 1.5729166269302368], [2.3020832538604736, 1.6145833730697632], [2.2604167461395264, 1.65625], [2.6979167461395264, 1.53125], [2.6770832538604736, 1.4270833730697632], [2.6354167461395264, 1.3645833730697632], [2.5520832538604736, 1.1770833730697632], [2.3854167461395264, 0.8229166865348816]], "vest": [[1.5104166269302368, 0.6770833134651184], [1.15625, 0.6354166865348816], [1.2604166269302368, 0.8229166865348816], [1.5104166269302368, 0.8854166865348816], [1.7604166269302368, 0.8020833134651184], [1.8645833730697632, 0.6354166865348816], [0.65625, 0.8229166865348816], [0.8229166865348816, 1.6354166269302368], [0.8854166865348816, 2.40625], [0.8229166865348816, 3.3645832538604736], [1.5520833730697632, 3.3854167461395264], [2.2604167461395264, 3.3229167461395264], [2.1354167461395264, 2.40625], [2.1979167461395264, 1.6145833730697632], [2.40625, 0.8229166865348816]], "sling": [[1.5104166269302368, 0.6979166865348816], [0.7604166865348816, 1.6770833730697632], [1.28125, 0.8020833134651184], [1.5104166269302368, 0.8854166865348816], [1.71875, 0.8020833134651184], [2.28125, 1.5729166269302368], [1.15625, 0.6354166865348816], [0.8229166865348816, 1.6145833730697632], [0.8854166865348816, 2.40625], [0.8229166865348816, 3.3645832538604736], [1.5520833730697632, 3.3854167461395264], [2.2604167461395264, 3.3229167461395264], [2.1354167461395264, 2.40625], [2.1979167461395264, 1.59375], [1.8645833730697632, 0.6354166865348816]]}