{"long": [[1.4895833730697632, 0.71875], [1.0520833730697632, 0.6145833134651184], [1.1979166269302368, 0.8645833134651184], [1.4895833730697632, 0.96875], [1.78125, 0.8645833134651184], [1.9270833730697632, 0.6145833134651184], [0.5729166865348816, 0.90625], [0.40625, 1.28125], [0.34375, 1.4895833730697632], [0.3020833432674408, 1.5729166269302368], [0.28125, 1.65625], [0.6979166865348816, 1.8645833730697632], [0.71875, 1.84375], [0.7395833134651184, 1.8229166269302368], [0.7604166865348816, 1.78125], [0.78125, 1.65625], [0.78125, 1.8229166269302368], [0.7604166865348816, 2.5104167461395264], [0.71875, 3.3854167461395264], [1.4895833730697632, 3.3854167461395264], [2.28125, 3.3854167461395264], [2.2395832538604736, 2.4895832538604736], [2.21875, 1.7395833730697632], [2.21875, 1.5729166269302368], [2.2395832538604736, 1.6979166269302368], [2.2395832538604736, 1.71875], [2.2604167461395264, 1.71875], [2.2604167461395264, 1.8229166269302368], [2.71875, 1.6354166269302368], [2.6770832538604736, 1.53125], [2.65625, 1.46875], [2.5729167461395264, 1.2604166269302368], [2.4270832538604736, 0.8854166865348816]], "vest": [[1.4895833730697632, 0.71875], [1.0520833730697632, 0.6145833134651184], [1.1979166269302368, 0.8645833134651184], [1.4895833730697632, 0.96875], [1.78125, 0.8645833134651184], [1.9270833730697632, 0.6145833134651184], [0.5729166865348816, 0.90625], [0.78125, 1.84375], [0.7604166865348816, 2.5104167461395264], [0.71875, 3.3854167461395264], [1.4895833730697632, 3.3854167461395264], [2.28125, 3.3854167461395264], [2.2395832538604736, 2.4895832538604736], [2.21875, 1.7604166269302368], [2.4270832538604736, 0.8854166865348816]], "sling": [[1.4895833730697632, 0.71875], [0.7604166865348816, 1.84375], [1.2604166269302368, 1.0104166269302368], [1.4895833730697632, 0.96875], [1.6979166269302368, 1.0104166269302368], [2.21875, 1.6770833730697632], [1.0520833730697632, 0.6145833134651184], [0.78125, 1.8229166269302368], [0.7604166865348816, 2.5104167461395264], [0.71875, 3.3854167461395264], [1.4895833730697632, 3.3854167461395264], [2.28125, 3.3854167461395264], [2.2395832538604736, 2.4895832538604736], [2.21875, 1.7395833730697632], [1.9270833730697632, 0.6145833134651184]]}