{"long": [[1.4895833730697632, 0.71875], [1.0104166269302368, 0.6145833134651184], [1.15625, 0.8854166865348816], [1.4895833730697632, 1.0104166269302368], [1.8020833730697632, 0.8854166865348816], [2.0104167461395264, 0.6145833134651184], [0.65625, 0.7395833134651184], [0.5104166865348816, 1.3854166269302368], [0.4270833432674408, 1.96875], [0.3645833432674408, 2.3645832538604736], [0.3020833432674408, 2.78125], [0.6770833134651184, 2.90625], [0.71875, 2.53125], [0.7395833134651184, 2.1354167461395264], [0.78125, 1.8645833730697632], [0.8020833134651184, 1.6145833730697632], [0.8229166865348816, 1.71875], [0.78125, 2.34375], [0.71875, 3.21875], [1.4895833730697632, 3.3854167461395264], [2.28125, 3.2395832538604736], [2.21875, 2.34375], [2.1770832538604736, 1.71875], [2.1770832538604736, 1.6145833730697632], [2.21875, 1.8645833730697632], [2.2604167461395264, 2.1354167461395264], [2.28125, 2.53125], [2.3229167461395264, 2.90625], [2.6979167461395264, 2.78125], [2.6354167461395264, 2.3854167461395264], [2.5729167461395264, 1.96875], [2.4895832538604736, 1.3854166269302368], [2.34375, 0.7604166865348816]], "vest": [[1.4895833730697632, 0.71875], [1.0104166269302368, 0.6145833134651184], [1.15625, 0.8854166865348816], [1.4895833730697632, 1.0104166269302368], [1.8020833730697632, 0.8854166865348816], [2.0104167461395264, 0.6145833134651184], [0.65625, 0.7395833134651184], [0.8229166865348816, 1.71875], [0.78125, 2.34375], [0.71875, 3.21875], [1.4895833730697632, 3.3854167461395264], [2.28125, 3.2395832538604736], [2.21875, 2.34375], [2.1770832538604736, 1.71875], [2.34375, 0.7604166865348816]], "sling": [[1.4895833730697632, 0.71875], [0.71875, 2.1354167461395264], [1.46875, 1.6145833730697632], [1.4895833730697632, 1.0104166269302368], [1.53125, 1.6145833730697632], [2.2604167461395264, 2.1354167461395264], [0.65625, 0.7395833134651184], [0.8229166865348816, 1.71875], [0.78125, 2.34375], [0.71875, 3.21875], [1.4895833730697632, 3.3854167461395264], [2.28125, 3.2395832538604736], [2.21875, 2.34375], [2.1770832538604736, 1.71875], [2.34375, 0.7604166865348816]]}