{"long": [[1.4895833730697632, 0.46875], [1.1145833730697632, 0.40625], [1.2395833730697632, 0.59375], [1.4895833730697632, 0.65625], [1.7395833730697632, 0.59375], [1.8645833730697632, 0.40625], [0.5729166865348816, 0.65625], [0.40625, 1.4270833730697632], [0.3020833432674408, 2.28125], [0.28125, 2.9479167461395264], [0.3020833432674408, 3.6145832538604736], [0.6354166865348816, 3.6145832538604736], [0.6145833134651184, 2.9479167461395264], [0.65625, 2.28125], [0.7604166865348816, 1.7604166269302368], [0.78125, 1.3645833730697632], [0.84375, 1.5104166269302368], [0.8020833134651184, 2.34375], [0.71875, 3.34375], [1.4895833730697632, 3.40625], [2.2604167461395264, 3.3020832538604736], [2.1979167461395264, 2.3229167461395264], [2.09375, 1.5104166269302368], [2.1145832538604736, 1.34375], [2.1979167461395264, 1.7604166269302368], [2.28125, 2.2604167461395264], [2.34375, 2.9479167461395264], [2.3645832538604736, 3.5729167461395264], [2.71875, 3.5729167461395264], [2.6979167461395264, 2.9479167461395264], [2.65625, 2.1979167461395264], [2.5729167461395264, 1.4270833730697632], [2.3645832538604736, 0.65625]], "vest": [[1.4895833730697632, 0.46875], [1.1145833730697632, 0.40625], [1.2395833730697632, 0.59375], [1.4895833730697632, 0.65625], [1.7395833730697632, 0.59375], [1.8645833730697632, 0.40625], [0.5729166865348816, 0.65625], [0.84375, 1.5104166269302368], [0.8020833134651184, 2.34375], [0.71875, 3.34375], [1.4895833730697632, 3.40625], [2.2604167461395264, 3.3020832538604736], [2.1979167461395264, 2.3229167461395264], [2.09375, 1.5104166269302368], [2.3645832538604736, 0.65625]], "sling": [[1.4895833730697632, 0.46875], [0.65625, 2.28125], [1.28125, 0.65625], [1.4895833730697632, 0.65625], [1.6979166269302368, 0.65625], [2.28125, 2.2604167461395264], [1.1145833730697632, 0.40625], [0.84375, 1.5104166269302368], [0.8020833134651184, 2.34375], [0.71875, 3.34375], [1.4895833730697632, 3.40625], [2.2604167461395264, 3.3020832538604736], [2.1979167461395264, 2.3229167461395264], [2.09375, 1.5104166269302368], [1.84375, 0.40625]]}