{"long": [[1.65625, 0.46875], [1.21875, 0.4479166567325592], [1.4270833730697632, 0.46875], [1.6145833730697632, 0.46875], [1.8229166269302368, 0.59375], [1.96875, 0.53125], [0.6145833134651184, 0.78125], [0.40625, 1.5104166269302368], [0.3229166567325592, 2.1979167461395264], [0.28125, 2.8645832538604736], [0.28125, 3.5520832538604736], [0.59375, 3.5729167461395264], [0.6979166865348816, 2.9270832538604736], [0.7395833134651184, 2.3645832538604736], [0.78125, 1.84375], [0.8020833134651184, 1.4270833730697632], [0.8229166865348816, 1.6145833730697632], [0.7604166865348816, 2.3645832538604736], [0.71875, 3.21875], [1.4895833730697632, 3.2604167461395264], [2.2395832538604736, 3.2395832538604736], [2.1770832538604736, 2.4270832538604736], [2.1979167461395264, 1.6354166269302368], [2.1979167461395264, 1.4895833730697632], [2.1979167461395264, 1.9270833730697632], [2.21875, 2.4479167461395264], [2.28125, 2.9479167461395264], [2.3854167461395264, 3.5729167461395264], [2.6979167461395264, 3.5729167461395264], [2.6770832538604736, 2.8854167461395264], [2.6145832538604736, 2.2395832538604736], [2.53125, 1.5520833730697632], [2.34375, 0.8229166865348816]], "vest": [[1.65625, 0.46875], [1.21875, 0.4479166567325592], [1.4270833730697632, 0.46875], [1.6145833730697632, 0.46875], [1.8229166269302368, 0.59375], [1.96875, 0.53125], [0.6145833134651184, 0.78125], [0.8229166865348816, 1.6145833730697632], [0.7604166865348816, 2.3645832538604736], [0.71875, 3.21875], [1.4895833730697632, 3.2604167461395264], [2.2395832538604736, 3.2395832538604736], [2.1770832538604736, 2.4270832538604736], [2.1979167461395264, 1.6354166269302368], [2.34375, 0.8229166865348816]], "sling": [[1.65625, 0.46875], [0.7395833134651184, 2.3645832538604736], [1.34375, 0.4270833432674408], [1.6145833730697632, 0.46875], [1.96875, 1.6145833730697632], [2.21875, 2.4479167461395264], [1.3645833730697632, 0.46875], [0.8229166865348816, 1.6145833730697632], [0.7604166865348816, 2.3645832538604736], [0.71875, 3.21875], [1.4895833730697632, 3.2604167461395264], [2.2395832538604736, 3.2395832538604736], [2.1770832538604736, 2.4270832538604736], [2.1979167461395264, 1.6354166269302368], [1.90625, 0.59375]]}