{"long": [[1.5104166269302368, 0.4895833432674408], [0.9895833134651184, 0.2395833283662796], [1.2395833730697632, 0.59375], [1.5104166269302368, 0.8645833134651184], [1.7604166269302368, 0.59375], [2.03125, 0.2604166567325592], [0.6145833134651184, 0.3854166567325592], [0.6354166865348816, 0.9270833134651184], [0.59375, 0.3854166567325592], [0.6145833134651184, 1.2604166269302368], [0.59375, 1.4270833730697632], [0.6354166865348816, 1.4479166269302368], [0.65625, 1.3645833730697632], [0.65625, 1.3854166269302368], [0.65625, 1.3645833730697632], [0.6354166865348816, 1.40625], [0.65625, 1.4479166269302368], [0.59375, 2.46875], [0.5104166865348816, 3.6770832538604736], [1.5104166269302368, 3.5104167461395264], [2.4895832538604736, 3.6770832538604736], [2.40625, 2.5104167461395264], [2.3645832538604736, 1.5520833730697632], [2.3645832538604736, 1.5104166269302368], [2.34375, 1.5104166269302368], [2.3645832538604736, 1.5104166269302368], [2.34375, 1.59375], [2.3854167461395264, 1.5104166269302368], [2.40625, 1.5104166269302368], [2.3229167461395264, 1.2604166269302368], [2.4270832538604736, 0.40625], [2.34375, 0.96875], [2.4270832538604736, 0.40625]], "vest": [[1.5104166269302368, 0.4895833432674408], [0.9895833134651184, 0.2395833283662796], [1.2395833730697632, 0.59375], [1.5104166269302368, 0.8645833134651184], [1.7604166269302368, 0.59375], [2.03125, 0.2604166567325592], [0.59375, 0.3854166567325592], [0.6354166865348816, 1.4479166269302368], [0.59375, 2.46875], [0.5104166865348816, 3.6770832538604736], [1.5104166269302368, 3.53125], [2.4895832538604736, 3.6770832538604736], [2.40625, 2.5104167461395264], [2.3645832538604736, 1.5520833730697632], [2.4270832538604736, 0.40625]], "sling": [[1.5104166269302368, 0.4895833432674408], [0.6145833134651184, 1.3854166269302368], [1.53125, 1.5104166269302368], [1.5104166269302368, 0.8645833134651184], [1.5520833730697632, 1.5104166269302368], [2.3854167461395264, 1.4895833730697632], [0.6354166865348816, 0.3645833432674408], [0.6354166865348816, 1.4479166269302368], [0.59375, 2.46875], [0.5104166865348816, 3.6770832538604736], [1.5104166269302368, 3.5104167461395264], [2.4895832538604736, 3.6770832538604736], [2.40625, 2.5104167461395264], [2.3645832538604736, 1.5520833730697632], [1.8020833730697632, 0.5729166865348816]]}