{"long": [[1.4895833730697632, 0.6145833134651184], [1.1145833730697632, 0.5729166865348816], [1.21875, 0.8020833134651184], [1.4895833730697632, 0.8854166865348816], [1.7395833730697632, 0.78125], [1.8645833730697632, 0.5729166865348816], [0.59375, 0.8020833134651184], [0.40625, 1.21875], [0.34375, 1.4270833730697632], [0.3229166567325592, 1.5104166269302368], [0.28125, 1.6145833730697632], [0.7395833134651184, 1.8020833730697632], [0.7604166865348816, 1.7395833730697632], [0.7604166865348816, 1.6979166269302368], [0.78125, 1.6354166269302368], [0.78125, 1.4270833730697632], [0.78125, 1.59375], [0.78125, 2.46875], [0.7604166865348816, 3.4270832538604736], [1.53125, 3.4270832538604736], [2.3020832538604736, 3.40625], [2.2395832538604736, 2.4479167461395264], [2.21875, 1.6145833730697632], [2.2395832538604736, 1.46875], [2.2395832538604736, 1.6354166269302368], [2.2395832538604736, 1.6770833730697632], [2.2604167461395264, 1.71875], [2.2604167461395264, 1.8020833730697632], [2.71875, 1.59375], [2.6770832538604736, 1.5104166269302368], [2.6354167461395264, 1.40625], [2.5520832538604736, 1.21875], [2.3645832538604736, 0.84375]], "vest": [[1.4895833730697632, 0.6145833134651184], [1.1145833730697632, 0.5729166865348816], [1.21875, 0.8020833134651184], [1.4895833730697632, 0.8854166865348816], [1.7395833730697632, 0.78125], [1.8645833730697632, 0.5729166865348816], [0.59375, 0.8020833134651184], [0.8020833134651184, 1.5729166269302368], [0.78125, 2.46875], [0.7604166865348816, 3.4270832538604736], [1.53125, 3.4270832538604736], [2.3020832538604736, 3.40625], [2.2395832538604736, 2.4479167461395264], [2.21875, 1.6145833730697632], [2.3645832538604736, 0.84375]], "sling": [[1.4895833730697632, 0.65625], [0.7604166865348816, 1.6770833730697632], [1.2395833730697632, 0.8020833134651184], [1.4895833730697632, 0.8854166865348816], [1.71875, 0.8020833134651184], [2.2395832538604736, 1.6770833730697632], [1.1145833730697632, 0.5729166865348816], [0.8020833134651184, 1.5729166269302368], [0.78125, 2.46875], [0.7604166865348816, 3.4270832538604736], [1.53125, 3.4270832538604736], [2.3020832538604736, 3.40625], [2.2395832538604736, 2.4479167461395264], [2.21875, 1.59375], [1.8645833730697632, 0.5729166865348816]]}