{"long": [[1.53125, 0.34375], [1.1770833730697632, 0.2604166567325592], [1.2395833730697632, 0.5104166865348816], [1.53125, 0.6145833134651184], [1.8229166269302368, 0.5104166865348816], [1.90625, 0.28125], [0.6979166865348816, 0.40625], [0.5104166865348816, 1.0729166269302368], [0.4270833432674408, 1.7604166269302368], [0.3645833432674408, 2.40625], [0.3020833432674408, 3.09375], [0.5520833134651184, 3.09375], [0.6354166865348816, 2.4479167461395264], [0.7395833134651184, 1.84375], [0.8020833134651184, 1.4270833730697632], [0.84375, 1.09375], [0.8645833134651184, 1.2395833730697632], [0.90625, 2.09375], [0.78125, 3.1770832538604736], [1.5104166269302368, 3.2604167461395264], [2.2395832538604736, 3.1770832538604736], [2.15625, 2.1145832538604736], [2.1770832538604736, 1.28125], [2.21875, 1.1354166269302368], [2.2604167461395264, 1.4895833730697632], [2.3020832538604736, 1.8645833730697632], [2.40625, 2.4479167461395264], [2.4479167461395264, 3.0729167461395264], [2.6979167461395264, 3.0729167461395264], [2.6770832538604736, 2.40625], [2.6145832538604736, 1.78125], [2.5520832538604736, 1.1145833730697632], [2.3854167461395264, 0.4479166567325592]], "vest": [[1.53125, 0.34375], [1.1770833730697632, 0.2604166567325592], [1.2395833730697632, 0.5104166865348816], [1.53125, 0.6145833134651184], [1.8229166269302368, 0.5104166865348816], [1.90625, 0.28125], [0.6979166865348816, 0.40625], [0.8645833134651184, 1.2395833730697632], [0.8854166865348816, 2.1145832538604736], [0.78125, 3.1770832538604736], [1.5104166269302368, 3.2604167461395264], [2.2395832538604736, 3.1770832538604736], [2.15625, 2.1145832538604736], [2.1770832538604736, 1.2604166269302368], [2.3854167461395264, 0.4479166567325592]], "sling": [[1.53125, 0.3645833432674408], [0.7395833134651184, 1.84375], [1.3229166269302368, 0.65625], [1.53125, 0.6145833134651184], [1.7604166269302368, 0.65625], [2.3020832538604736, 1.8854166269302368], [1.1770833730697632, 0.2604166567325592], [0.8645833134651184, 1.2395833730697632], [0.8854166865348816, 2.1145832538604736], [0.78125, 3.1770832538604736], [1.5104166269302368, 3.2604167461395264], [2.2395832538604736, 3.1770832538604736], [2.15625, 2.1145832538604736], [2.1770832538604736, 1.2604166269302368], [1.90625, 0.28125]]}