{"long": [[1.46875, 0.5729166865348816], [1.0729166269302368, 0.53125], [1.21875, 0.9270833134651184], [1.46875, 1.28125], [1.7395833730697632, 0.9270833134651184], [1.8854166269302368, 0.53125], [0.6354166865348816, 0.71875], [0.4479166567325592, 1.3854166269302368], [0.3645833432674408, 2.1145832538604736], [0.3020833432674408, 2.6979167461395264], [0.3229166567325592, 3.4270832538604736], [0.59375, 3.4270832538604736], [0.6979166865348816, 2.7604167461395264], [0.78125, 2.1979167461395264], [0.8229166865348816, 1.8229166269302368], [0.84375, 1.4479166269302368], [0.8645833134651184, 1.6145833730697632], [0.8020833134651184, 2.3229167461395264], [0.6979166865348816, 3.1770832538604736], [1.4895833730697632, 3.1979167461395264], [2.21875, 3.21875], [2.1770832538604736, 2.3229167461395264], [2.1145832538604736, 1.5729166269302368], [2.15625, 1.3854166269302368], [2.1354167461395264, 1.7604166269302368], [2.1770832538604736, 2.1770832538604736], [2.2395832538604736, 2.7604167461395264], [2.40625, 3.46875], [2.6770832538604736, 3.4479167461395264], [2.6979167461395264, 2.6770832538604736], [2.6354167461395264, 1.9895833730697632], [2.53125, 1.3854166269302368], [2.34375, 0.71875]], "vest": [[1.46875, 0.5729166865348816], [1.0729166269302368, 0.53125], [1.21875, 0.9270833134651184], [1.46875, 1.28125], [1.7395833730697632, 0.9270833134651184], [1.8854166269302368, 0.53125], [0.6354166865348816, 0.71875], [0.8645833134651184, 1.6145833730697632], [0.8020833134651184, 2.3229167461395264], [0.6979166865348816, 3.1770832538604736], [1.4895833730697632, 3.1979167461395264], [2.21875, 3.21875], [2.1770832538604736, 2.3229167461395264], [2.1145832538604736, 1.5729166269302368], [2.34375, 0.71875]], "sling": [[1.53125, 2.3645832538604736], [0.78125, 2.1979167461395264], [1.53125, 1.6770833730697632], [1.46875, 1.28125], [1.5520833730697632, 1.6770833730697632], [2.1770832538604736, 2.1770832538604736], [1.1979166269302368, 0.90625], [0.8645833134651184, 1.59375], [0.8020833134651184, 2.3229167461395264], [0.6979166865348816, 3.1770832538604736], [1.4895833730697632, 3.1979167461395264], [2.21875, 3.21875], [2.1770832538604736, 2.3229167461395264], [2.1145832538604736, 1.5520833730697632], [1.7395833730697632, 0.90625]]}