{"long": [[1.5520833730697632, 0.4270833432674408], [1.1979166269302368, 0.3645833432674408], [1.4479166269302368, 0.7395833134651184], [1.4895833730697632, 1.1979166269302368], [1.7604166269302368, 0.8229166865348816], [1.8854166269302368, 0.4270833432674408], [0.7395833134651184, 0.5729166865348816], [0.4479166567325592, 0.8645833134651184], [0.3229166567325592, 1.0729166269302368], [0.3229166567325592, 1.1145833730697632], [0.28125, 1.1979166269302368], [0.7395833134651184, 1.6145833730697632], [0.71875, 1.53125], [0.7395833134651184, 1.46875], [0.7395833134651184, 1.4479166269302368], [0.7604166865348816, 1.34375], [0.7604166865348816, 1.5104166269302368], [0.65625, 2.5104167461395264], [0.6354166865348816, 3.6145832538604736], [1.4895833730697632, 3.6354167461395264], [2.3020832538604736, 3.6354167461395264], [2.34375, 2.5104167461395264], [2.2395832538604736, 1.5729166269302368], [2.2604167461395264, 1.40625], [2.2604167461395264, 1.5520833730697632], [2.2604167461395264, 1.5729166269302368], [2.28125, 1.6145833730697632], [2.3020832538604736, 1.65625], [2.71875, 1.1770833730697632], [2.6770832538604736, 1.09375], [2.65625, 1.0520833730697632], [2.5729167461395264, 0.90625], [2.3854167461395264, 0.65625]], "vest": [[1.5520833730697632, 0.4270833432674408], [1.1979166269302368, 0.3645833432674408], [1.4479166269302368, 0.7395833134651184], [1.4895833730697632, 1.1979166269302368], [1.7604166269302368, 0.8229166865348816], [1.8854166269302368, 0.4270833432674408], [0.7395833134651184, 0.5729166865348816], [0.7604166865348816, 1.5729166269302368], [0.65625, 2.5104167461395264], [0.6354166865348816, 3.6145832538604736], [1.4895833730697632, 3.6354167461395264], [2.3020832538604736, 3.6354167461395264], [2.34375, 2.5104167461395264], [2.2604167461395264, 1.6354166269302368], [2.34375, 0.6354166865348816]], "sling": [[1.5520833730697632, 0.4270833432674408], [0.7604166865348816, 1.4479166269302368], [1.53125, 1.34375], [1.4895833730697632, 1.1979166269302368], [1.5104166269302368, 1.34375], [2.2604167461395264, 1.6770833730697632], [1.21875, 0.40625], [0.7604166865348816, 1.5104166269302368], [0.65625, 2.5104167461395264], [0.6354166865348816, 3.6145832538604736], [1.4895833730697632, 3.6354167461395264], [2.3020832538604736, 3.6354167461395264], [2.34375, 2.5104167461395264], [2.2395832538604736, 1.5729166269302368], [1.7604166269302368, 0.84375]]}