{"long": [[1.4895833730697632, 0.4270833432674408], [1.2604166269302368, 0.4270833432674408], [1.3645833730697632, 0.5104166865348816], [1.4895833730697632, 0.53125], [1.6354166269302368, 0.5104166865348816], [1.7395833730697632, 0.4270833432674408], [0.6354166865348816, 0.8229166865348816], [0.4479166567325592, 1.5520833730697632], [0.3645833432674408, 2.28125], [0.28125, 2.8645832538604736], [0.3020833432674408, 3.5520832538604736], [0.6354166865348816, 3.5729167461395264], [0.6354166865348816, 2.90625], [0.6770833134651184, 2.3645832538604736], [0.7395833134651184, 1.90625], [0.7604166865348816, 1.4270833730697632], [0.78125, 1.6145833730697632], [0.7395833134651184, 2.3854167461395264], [0.65625, 3.3020832538604736], [1.4895833730697632, 3.3229167461395264], [2.3020832538604736, 3.34375], [2.28125, 2.40625], [2.2604167461395264, 1.6354166269302368], [2.28125, 1.4479166269302368], [2.3020832538604736, 1.9270833730697632], [2.34375, 2.3229167461395264], [2.3645832538604736, 2.84375], [2.3645832538604736, 3.5729167461395264], [2.6979167461395264, 3.5729167461395264], [2.71875, 2.8645832538604736], [2.65625, 2.21875], [2.5729167461395264, 1.59375], [2.3854167461395264, 0.8645833134651184]], "vest": [[1.4895833730697632, 0.4270833432674408], [1.2604166269302368, 0.4270833432674408], [1.3645833730697632, 0.5104166865348816], [1.4895833730697632, 0.53125], [1.6354166269302368, 0.5104166865348816], [1.7395833730697632, 0.4270833432674408], [0.6354166865348816, 0.8229166865348816], [0.78125, 1.6145833730697632], [0.7395833134651184, 2.3854167461395264], [0.65625, 3.3020832538604736], [1.4895833730697632, 3.3229167461395264], [2.3020832538604736, 3.34375], [2.28125, 2.40625], [2.2604167461395264, 1.6145833730697632], [2.3854167461395264, 0.8854166865348816]], "sling": [[1.4895833730697632, 0.4270833432674408], [0.6770833134651184, 2.3645832538604736], [1.34375, 0.53125], [1.4895833730697632, 0.53125], [1.65625, 0.53125], [2.34375, 2.3229167461395264], [1.3229166269302368, 0.46875], [0.78125, 1.6145833730697632], [0.7395833134651184, 2.3854167461395264], [0.65625, 3.3020832538604736], [1.4895833730697632, 3.3229167461395264], [2.3020832538604736, 3.34375], [2.28125, 2.40625], [2.2604167461395264, 1.6145833730697632], [1.6770833730697632, 0.46875]]}