{"long": [[1.46875, 0.8854166865348816], [0.8645833134651184, 0.6770833134651184], [1.09375, 0.96875], [1.46875, 1.1145833730697632], [1.84375, 0.9895833134651184], [2.0729167461395264, 0.65625], [0.6770833134651184, 0.7604166865348816], [0.4479166567325592, 1.15625], [0.3645833432674408, 1.3645833730697632], [0.3229166567325592, 1.4895833730697632], [0.28125, 1.59375], [0.7395833134651184, 1.9270833730697632], [0.7604166865348816, 1.8020833730697632], [0.78125, 1.7604166269302368], [0.78125, 1.6979166269302368], [0.78125, 1.4479166269302368], [0.78125, 1.6145833730697632], [0.78125, 2.3229167461395264], [0.53125, 3.1354167461395264], [1.53125, 3.34375], [2.53125, 3.09375], [2.21875, 2.3020832538604736], [2.15625, 1.6145833730697632], [2.1770832538604736, 1.4479166269302368], [2.1979167461395264, 1.7395833730697632], [2.1770832538604736, 1.84375], [2.1770832538604736, 1.9270833730697632], [2.21875, 2.09375], [2.71875, 1.53125], [2.6770832538604736, 1.4270833730697632], [2.6354167461395264, 1.3229166269302368], [2.53125, 1.09375], [2.3020832538604736, 0.7395833134651184]], "vest": [[1.46875, 0.8854166865348816], [0.8645833134651184, 0.6770833134651184], [1.1145833730697632, 0.9895833134651184], [1.46875, 1.1145833730697632], [1.84375, 0.9895833134651184], [2.0729167461395264, 0.65625], [0.6770833134651184, 0.7604166865348816], [0.8020833134651184, 1.59375], [0.78125, 2.3229167461395264], [0.53125, 3.1354167461395264], [1.53125, 3.34375], [2.53125, 3.09375], [2.21875, 2.3020832538604736], [2.15625, 1.59375], [2.3020832538604736, 0.7395833134651184]], "sling": [[1.46875, 0.90625], [0.9270833134651184, 1.1145833730697632], [1.1979166269302368, 1.1770833730697632], [1.46875, 1.1145833730697632], [1.7395833730697632, 1.09375], [1.96875, 1.09375], [0.8020833134651184, 0.6770833134651184], [0.8020833134651184, 1.59375], [0.78125, 2.34375], [0.53125, 3.1354167461395264], [1.53125, 3.34375], [2.53125, 3.09375], [2.21875, 2.3020832538604736], [2.15625, 1.59375], [2.15625, 0.6770833134651184]]}