{"long": [[1.4895833730697632, 0.7604166865348816], [1.0729166269302368, 0.6770833134651184], [1.21875, 0.8645833134651184], [1.4895833730697632, 0.9479166865348816], [1.7604166269302368, 0.8854166865348816], [1.8854166269302368, 0.6979166865348816], [0.65625, 0.8854166865348816], [0.4479166567325592, 1.2604166269302368], [0.34375, 1.4895833730697632], [0.3229166567325592, 1.5104166269302368], [0.28125, 1.6145833730697632], [0.65625, 1.84375], [0.65625, 1.78125], [0.6770833134651184, 1.7395833730697632], [0.6979166865348816, 1.71875], [0.7395833134651184, 1.59375], [0.7604166865348816, 1.71875], [0.7395833134651184, 2.4270832538604736], [0.6354166865348816, 3.28125], [1.46875, 3.3020832538604736], [2.3020832538604736, 3.28125], [2.2604167461395264, 2.4479167461395264], [2.2395832538604736, 1.78125], [2.2395832538604736, 1.65625], [2.2604167461395264, 1.78125], [2.28125, 1.8229166269302368], [2.28125, 1.8645833730697632], [2.3020832538604736, 1.90625], [2.71875, 1.53125], [2.6770832538604736, 1.4479166269302368], [2.6354167461395264, 1.3645833730697632], [2.5520832538604736, 1.2395833730697632], [2.3229167461395264, 0.90625]], "vest": [[1.4895833730697632, 0.7604166865348816], [1.0729166269302368, 0.6770833134651184], [1.21875, 0.8645833134651184], [1.4895833730697632, 0.9479166865348816], [1.7604166269302368, 0.8854166865348816], [1.8854166269302368, 0.6979166865348816], [0.65625, 0.8854166865348816], [0.78125, 1.71875], [0.7395833134651184, 2.4270832538604736], [0.6354166865348816, 3.28125], [1.46875, 3.3020832538604736], [2.3020832538604736, 3.28125], [2.2604167461395264, 2.4479167461395264], [2.2395832538604736, 1.8229166269302368], [2.3229167461395264, 0.9270833134651184]], "sling": [[1.4895833730697632, 0.78125], [0.71875, 1.6770833730697632], [1.3020833730697632, 0.9895833134651184], [1.4895833730697632, 0.9479166865348816], [1.6770833730697632, 1.0104166269302368], [2.28125, 1.8229166269302368], [1.0729166269302368, 0.6770833134651184], [0.78125, 1.71875], [0.7395833134651184, 2.4270832538604736], [0.6354166865348816, 3.28125], [1.46875, 3.3020832538604736], [2.3020832538604736, 3.28125], [2.2604167461395264, 2.4479167461395264], [2.2395832538604736, 1.7395833730697632], [2.34375, 0.90625]]}