{"long": [[1.46875, 0.4270833432674408], [1.09375, 0.40625], [1.1979166269302368, 0.65625], [1.4895833730697632, 0.7395833134651184], [1.7604166269302368, 0.6354166865348816], [1.8645833730697632, 0.40625], [0.46875, 0.7604166865348816], [0.3645833432674408, 1.21875], [0.3229166567325592, 1.4479166269302368], [0.28125, 1.5520833730697632], [0.2604166567325592, 1.6770833730697632], [0.6354166865348816, 1.7604166269302368], [0.65625, 1.6979166269302368], [0.6770833134651184, 1.6770833730697632], [0.6979166865348816, 1.6145833730697632], [0.7604166865348816, 1.5104166269302368], [0.8229166865348816, 1.6354166269302368], [0.78125, 2.4895832538604736], [0.71875, 3.59375], [1.5104166269302368, 3.6145832538604736], [2.3020832538604736, 3.59375], [2.21875, 2.4895832538604736], [2.1354167461395264, 1.5729166269302368], [2.1770832538604736, 1.46875], [2.2395832538604736, 1.59375], [2.2604167461395264, 1.65625], [2.28125, 1.6979166269302368], [2.3020832538604736, 1.7604166269302368], [2.7395832538604736, 1.6770833730697632], [2.71875, 1.5520833730697632], [2.6770832538604736, 1.4479166269302368], [2.59375, 1.21875], [2.46875, 0.7395833134651184]], "vest": [[1.46875, 0.4270833432674408], [1.09375, 0.40625], [1.1979166269302368, 0.65625], [1.4895833730697632, 0.7395833134651184], [1.7604166269302368, 0.6354166865348816], [1.8645833730697632, 0.40625], [0.46875, 0.7604166865348816], [0.8229166865348816, 1.6354166269302368], [0.78125, 2.4895832538604736], [0.71875, 3.59375], [1.5104166269302368, 3.6145832538604736], [2.3020832538604736, 3.59375], [2.21875, 2.4895832538604736], [2.1354167461395264, 1.5729166269302368], [2.46875, 0.7395833134651184]], "sling": [[1.46875, 0.4270833432674408], [0.6979166865348816, 1.65625], [1.21875, 0.6770833134651184], [1.4895833730697632, 0.7395833134651184], [1.7395833730697632, 0.6770833134651184], [2.2604167461395264, 1.6770833730697632], [1.09375, 0.40625], [0.8229166865348816, 1.6354166269302368], [0.78125, 2.4895832538604736], [0.71875, 3.59375], [1.5104166269302368, 3.6145832538604736], [2.3020832538604736, 3.59375], [2.21875, 2.4895832538604736], [2.1354167461395264, 1.5729166269302368], [1.84375, 0.40625]]}