{"long": [[1.5104166269302368, 0.59375], [1.0729166269302368, 0.5104166865348816], [1.2395833730697632, 0.71875], [1.5104166269302368, 0.78125], [1.8020833730697632, 0.71875], [1.96875, 0.53125], [0.65625, 0.6979166865348816], [0.4479166567325592, 1.34375], [0.34375, 2.09375], [0.28125, 2.78125], [0.28125, 3.4895832538604736], [0.5729166865348816, 3.4895832538604736], [0.6354166865348816, 2.78125], [0.71875, 2.1770832538604736], [0.8020833134651184, 1.6770833730697632], [0.84375, 1.3020833730697632], [0.8645833134651184, 1.4895833730697632], [0.8645833134651184, 2.15625], [0.71875, 2.9270832538604736], [1.46875, 3.0104167461395264], [2.2604167461395264, 2.96875], [2.1145832538604736, 2.1979167461395264], [2.15625, 1.5729166269302368], [2.1979167461395264, 1.46875], [2.28125, 1.7604166269302368], [2.3229167461395264, 2.1770832538604736], [2.3854167461395264, 2.78125], [2.4270832538604736, 3.4895832538604736], [2.6979167461395264, 3.4895832538604736], [2.71875, 2.78125], [2.6979167461395264, 2.1145832538604736], [2.6145832538604736, 1.4270833730697632], [2.3854167461395264, 0.6979166865348816]], "vest": [[1.5104166269302368, 0.59375], [1.0729166269302368, 0.5104166865348816], [1.2395833730697632, 0.71875], [1.5104166269302368, 0.78125], [1.8020833730697632, 0.71875], [1.96875, 0.53125], [0.65625, 0.6979166865348816], [0.8645833134651184, 1.46875], [0.8645833134651184, 2.15625], [0.71875, 2.9270832538604736], [1.46875, 3.0104167461395264], [2.2604167461395264, 2.96875], [2.1145832538604736, 2.1979167461395264], [2.15625, 1.5729166269302368], [2.3854167461395264, 0.6979166865348816]], "sling": [[1.53125, 0.65625], [0.6979166865348816, 2.1770832538604736], [1.1979166269302368, 1.1979166269302368], [1.5104166269302368, 0.8020833134651184], [1.7604166269302368, 1.2604166269302368], [2.3229167461395264, 2.1770832538604736], [0.84375, 0.59375], [0.8645833134651184, 1.46875], [0.8645833134651184, 2.15625], [0.71875, 2.9270832538604736], [1.46875, 3.0104167461395264], [2.2604167461395264, 2.96875], [2.1145832538604736, 2.1979167461395264], [2.15625, 1.5729166269302368], [2.15625, 0.5729166865348816]]}