{"long": [[1.4895833730697632, 0.4270833432674408], [0.8854166865348816, 0.2604166567325592], [1.09375, 0.53125], [1.4895833730697632, 0.6979166865348816], [1.8854166269302368, 0.5520833134651184], [2.0729167461395264, 0.2604166567325592], [0.53125, 0.3645833432674408], [0.53125, 0.8645833134651184], [0.5520833134651184, 0.3645833432674408], [0.6770833134651184, 0.34375], [0.53125, 0.34375], [0.53125, 1.3229166269302368], [0.4479166567325592, 1.6145833730697632], [0.8854166865348816, 0.3229166567325592], [0.4895833432674408, 1.3645833730697632], [0.53125, 1.2395833730697632], [0.53125, 1.3854166269302368], [0.5729166865348816, 2.4270832538604736], [0.46875, 3.5729167461395264], [1.4895833730697632, 3.7395832538604736], [2.5520832538604736, 3.5520832538604736], [2.40625, 2.46875], [2.4270832538604736, 1.40625], [2.4270832538604736, 1.21875], [2.4270832538604736, 1.5520833730697632], [2.34375, 1.6979166269302368], [2.34375, 1.8229166269302368], [2.34375, 1.6979166269302368], [2.40625, 0.34375], [2.0520832538604736, 0.2395833283662796], [2.40625, 0.34375], [2.40625, 0.9479166865348816], [2.40625, 0.3645833432674408]], "vest": [[1.4895833730697632, 0.4270833432674408], [0.8854166865348816, 0.2604166567325592], [1.09375, 0.53125], [1.4895833730697632, 0.6979166865348816], [1.8854166269302368, 0.5520833134651184], [2.0729167461395264, 0.2604166567325592], [0.53125, 0.3645833432674408], [0.53125, 1.3854166269302368], [0.5729166865348816, 2.4270832538604736], [0.46875, 3.5729167461395264], [1.4895833730697632, 3.7395832538604736], [2.5520832538604736, 3.5520832538604736], [2.40625, 2.46875], [2.4270832538604736, 1.40625], [2.40625, 0.3645833432674408]], "sling": [[1.46875, 0.4479166567325592], [0.8854166865348816, 0.3229166567325592], [1.1979166269302368, 0.65625], [1.4895833730697632, 0.6979166865348816], [1.7604166269302368, 0.65625], [1.8854166269302368, 0.5520833134651184], [0.5729166865348816, 0.34375], [0.53125, 1.3854166269302368], [0.5729166865348816, 2.4270832538604736], [0.46875, 3.5729167461395264], [1.4895833730697632, 3.7395832538604736], [2.5520832538604736, 3.5520832538604736], [2.40625, 2.46875], [2.4270832538604736, 1.40625], [2.3645832538604736, 0.3229166567325592]]}