{"long": [[1.4895833730697632, 0.40625], [1.09375, 0.3229166567325592], [1.1979166269302368, 0.5520833134651184], [1.4895833730697632, 0.6354166865348816], [1.8020833730697632, 0.5520833134651184], [1.90625, 0.3229166567325592], [0.6145833134651184, 0.53125], [0.3854166567325592, 1.3229166269302368], [0.3020833432674408, 2.09375], [0.28125, 2.84375], [0.3229166567325592, 3.6979167461395264], [0.6145833134651184, 3.6979167461395264], [0.6145833134651184, 2.84375], [0.6354166865348816, 2.1354167461395264], [0.7395833134651184, 1.6770833730697632], [0.8020833134651184, 1.2604166269302368], [0.84375, 1.40625], [0.8645833134651184, 2.1770832538604736], [0.71875, 3.1770832538604736], [1.5104166269302368, 3.1770832538604736], [2.3020832538604736, 3.1770832538604736], [2.15625, 2.1979167461395264], [2.15625, 1.4479166269302368], [2.1979167461395264, 1.28125], [2.2604167461395264, 1.6770833730697632], [2.3645832538604736, 2.1770832538604736], [2.3854167461395264, 2.84375], [2.3854167461395264, 3.6770832538604736], [2.6979167461395264, 3.6979167461395264], [2.71875, 2.8645832538604736], [2.6979167461395264, 2.1145832538604736], [2.6145832538604736, 1.40625], [2.40625, 0.59375]], "vest": [[1.4895833730697632, 0.40625], [1.09375, 0.3229166567325592], [1.1979166269302368, 0.5520833134651184], [1.4895833730697632, 0.6354166865348816], [1.8020833730697632, 0.5520833134651184], [1.90625, 0.3229166567325592], [0.6145833134651184, 0.53125], [0.84375, 1.40625], [0.8645833134651184, 2.1770832538604736], [0.71875, 3.1770832538604736], [1.5104166269302368, 3.1770832538604736], [2.3020832538604736, 3.1770832538604736], [2.15625, 2.1979167461395264], [2.15625, 1.4479166269302368], [2.40625, 0.59375]], "sling": [[1.4895833730697632, 0.40625], [0.6354166865348816, 2.1354167461395264], [1.2604166269302368, 0.65625], [1.4895833730697632, 0.6354166865348816], [1.7395833730697632, 0.65625], [2.3645832538604736, 2.1770832538604736], [1.1145833730697632, 0.3229166567325592], [0.84375, 1.40625], [0.8645833134651184, 2.1770832538604736], [0.71875, 3.1770832538604736], [1.5104166269302368, 3.1770832538604736], [2.3020832538604736, 3.1770832538604736], [2.15625, 2.1979167461395264], [2.15625, 1.4479166269302368], [1.90625, 0.3229166567325592]]}