{"long": [[1.46875, 0.28125], [1.15625, 0.2604166567325592], [1.3020833730697632, 0.3854166567325592], [1.4895833730697632, 0.46875], [1.6770833730697632, 0.3854166567325592], [1.8020833730697632, 0.2604166567325592], [0.59375, 0.6979166865348816], [0.3854166567325592, 1.5104166269302368], [0.3020833432674408, 2.3020832538604736], [0.28125, 3.03125], [0.28125, 3.71875], [0.6145833134651184, 3.71875], [0.6354166865348816, 3.03125], [0.6354166865348816, 2.3854167461395264], [0.71875, 1.84375], [0.8020833134651184, 1.40625], [0.84375, 1.5729166269302368], [0.8229166865348816, 2.3229167461395264], [0.6979166865348816, 3.1145832538604736], [1.46875, 3.1770832538604736], [2.3020832538604736, 3.1145832538604736], [2.15625, 2.34375], [2.1354167461395264, 1.59375], [2.1770832538604736, 1.40625], [2.21875, 1.7604166269302368], [2.3020832538604736, 2.2604167461395264], [2.34375, 3.03125], [2.3645832538604736, 3.6979167461395264], [2.6979167461395264, 3.6979167461395264], [2.71875, 2.9479167461395264], [2.6979167461395264, 2.1770832538604736], [2.6145832538604736, 1.40625], [2.3854167461395264, 0.6979166865348816]], "vest": [[1.46875, 0.28125], [1.15625, 0.2604166567325592], [1.3020833730697632, 0.3854166567325592], [1.4895833730697632, 0.46875], [1.6770833730697632, 0.3854166567325592], [1.8020833730697632, 0.2604166567325592], [0.59375, 0.6979166865348816], [0.84375, 1.5520833730697632], [0.8229166865348816, 2.3229167461395264], [0.6979166865348816, 3.1145832538604736], [1.46875, 3.15625], [2.3020832538604736, 3.1145832538604736], [2.15625, 2.34375], [2.1354167461395264, 1.5729166269302368], [2.3854167461395264, 0.6979166865348816]], "sling": [[1.46875, 0.3020833432674408], [0.6354166865348816, 2.3854167461395264], [1.2604166269302368, 0.3645833432674408], [1.4895833730697632, 0.46875], [1.6979166269302368, 0.4479166567325592], [2.3020832538604736, 2.2604167461395264], [1.2604166269302368, 0.3854166567325592], [0.84375, 1.5520833730697632], [0.8229166865348816, 2.3229167461395264], [0.6979166865348816, 3.1145832538604736], [1.46875, 3.15625], [2.3020832538604736, 3.1145832538604736], [2.15625, 2.34375], [2.1354167461395264, 1.5729166269302368], [1.7604166269302368, 0.28125]]}