{"long": [[1.4895833730697632, 0.5520833134651184], [1.1979166269302368, 0.4895833432674408], [1.3229166269302368, 0.6145833134651184], [1.4895833730697632, 0.6354166865348816], [1.6770833730697632, 0.6145833134651184], [1.8020833730697632, 0.4895833432674408], [0.6145833134651184, 0.8020833134651184], [0.4270833432674408, 1.6145833730697632], [0.3020833432674408, 2.28125], [0.28125, 2.8229167461395264], [0.3645833432674408, 3.5104167461395264], [0.6145833134651184, 3.5104167461395264], [0.5729166865348816, 2.84375], [0.59375, 2.34375], [0.6145833134651184, 1.90625], [0.6770833134651184, 1.4895833730697632], [0.6354166865348816, 1.6354166269302368], [0.5729166865348816, 2.34375], [0.5520833134651184, 3.1145832538604736], [1.4895833730697632, 3.15625], [2.4479167461395264, 3.1145832538604736], [2.4270832538604736, 2.3645832538604736], [2.34375, 1.65625], [2.1770832538604736, 1.5104166269302368], [2.3645832538604736, 1.9270833730697632], [2.40625, 2.34375], [2.40625, 2.84375], [2.3854167461395264, 3.5104167461395264], [2.6354167461395264, 3.5104167461395264], [2.71875, 2.8229167461395264], [2.6770832538604736, 2.2604167461395264], [2.5729167461395264, 1.5520833730697632], [2.3854167461395264, 0.8229166865348816]], "vest": [[1.4895833730697632, 0.5520833134651184], [1.1979166269302368, 0.4895833432674408], [1.3229166269302368, 0.6145833134651184], [1.4895833730697632, 0.6354166865348816], [1.6770833730697632, 0.6145833134651184], [1.8020833730697632, 0.4895833432674408], [0.59375, 0.8229166865348816], [0.6354166865348816, 1.6145833730697632], [0.5729166865348816, 2.3645832538604736], [0.5520833134651184, 3.1145832538604736], [1.4895833730697632, 3.15625], [2.4479167461395264, 3.1145832538604736], [2.4270832538604736, 2.3645832538604736], [2.3645832538604736, 1.6354166269302368], [2.3854167461395264, 0.8229166865348816]], "sling": [[1.5104166269302368, 0.5520833134651184], [0.59375, 2.34375], [1.46875, 1.6145833730697632], [1.4895833730697632, 0.6354166865348816], [1.5520833730697632, 1.6145833730697632], [2.40625, 2.34375], [1.21875, 0.4895833432674408], [0.6354166865348816, 1.6145833730697632], [0.5729166865348816, 2.3645832538604736], [0.5520833134651184, 3.1145832538604736], [1.4895833730697632, 3.15625], [2.4479167461395264, 3.1145832538604736], [2.4270832538604736, 2.3645832538604736], [2.3645832538604736, 1.6354166269302368], [1.78125, 0.4895833432674408]]}