{"long": [[1.4895833730697632, 0.6354166865348816], [1.2395833730697632, 0.65625], [1.34375, 0.78125], [1.4895833730697632, 0.8645833134651184], [1.65625, 0.78125], [1.7604166269302368, 0.65625], [0.7604166865348816, 0.9479166865348816], [0.6145833134651184, 1.53125], [0.53125, 2.1145832538604736], [0.4479166567325592, 2.6979167461395264], [0.40625, 3.34375], [0.65625, 3.34375], [0.78125, 2.7604167461395264], [0.8645833134651184, 2.28125], [0.8854166865348816, 1.8854166269302368], [0.8645833134651184, 1.4895833730697632], [0.8854166865348816, 1.6979166269302368], [0.8854166865348816, 2.34375], [0.84375, 3.0729167461395264], [1.5104166269302368, 3.09375], [2.1770832538604736, 3.0729167461395264], [2.1145832538604736, 2.34375], [2.1145832538604736, 1.65625], [2.1354167461395264, 1.46875], [2.1354167461395264, 1.84375], [2.1354167461395264, 2.28125], [2.2395832538604736, 2.78125], [2.34375, 3.3645832538604736], [2.59375, 3.34375], [2.5520832538604736, 2.6979167461395264], [2.46875, 2.1145832538604736], [2.3854167461395264, 1.53125], [2.2395832538604736, 0.9479166865348816]], "vest": [[1.4895833730697632, 0.6354166865348816], [1.2395833730697632, 0.65625], [1.34375, 0.78125], [1.4895833730697632, 0.8645833134651184], [1.65625, 0.78125], [1.7604166269302368, 0.65625], [0.7604166865348816, 0.9479166865348816], [0.8854166865348816, 1.6770833730697632], [0.8854166865348816, 2.34375], [0.84375, 3.0729167461395264], [1.5104166269302368, 3.09375], [2.1770832538604736, 3.0729167461395264], [2.1145832538604736, 2.34375], [2.1145832538604736, 1.65625], [2.2395832538604736, 0.9479166865348816]], "sling": [[1.4895833730697632, 0.65625], [0.8645833134651184, 2.28125], [1.1145833730697632, 1.78125], [1.4895833730697632, 0.8645833134651184], [1.9479166269302368, 1.6354166269302368], [2.1354167461395264, 2.28125], [1.3020833730697632, 0.7395833134651184], [0.8854166865348816, 1.6770833730697632], [0.8854166865348816, 2.34375], [0.84375, 3.0729167461395264], [1.5104166269302368, 3.09375], [2.1770832538604736, 3.0729167461395264], [2.1145832538604736, 2.34375], [2.1145832538604736, 1.65625], [1.6979166269302368, 0.7395833134651184]]}