{"long": [[1.4895833730697632, 0.28125], [1.2395833730697632, 0.3020833432674408], [1.3229166269302368, 0.40625], [1.4895833730697632, 0.4270833432674408], [1.6354166269302368, 0.40625], [1.71875, 0.3229166567325592], [0.6145833134651184, 0.6979166865348816], [0.4270833432674408, 1.4270833730697632], [0.34375, 2.1770832538604736], [0.3020833432674408, 2.96875], [0.34375, 3.7395832538604736], [0.6145833134651184, 3.7395832538604736], [0.6145833134651184, 2.9270832538604736], [0.6354166865348816, 2.2395832538604736], [0.71875, 1.7604166269302368], [0.8229166865348816, 1.40625], [0.8645833134651184, 1.53125], [0.8645833134651184, 2.3645832538604736], [0.71875, 3.4479167461395264], [1.4895833730697632, 3.46875], [2.3020832538604736, 3.46875], [2.1354167461395264, 2.3645832538604736], [2.1145832538604736, 1.5520833730697632], [2.15625, 1.4479166269302368], [2.2604167461395264, 1.7604166269302368], [2.3645832538604736, 2.2604167461395264], [2.3854167461395264, 2.9479167461395264], [2.40625, 3.7395832538604736], [2.6979167461395264, 3.7395832538604736], [2.6979167461395264, 2.96875], [2.6770832538604736, 2.1770832538604736], [2.5520832538604736, 1.4270833730697632], [2.3645832538604736, 0.6770833134651184]], "vest": [[1.46875, 0.28125], [1.2395833730697632, 0.3020833432674408], [1.3229166269302368, 0.40625], [1.4895833730697632, 0.4270833432674408], [1.6354166269302368, 0.40625], [1.71875, 0.3229166567325592], [0.6145833134651184, 0.6979166865348816], [0.8645833134651184, 1.53125], [0.8645833134651184, 2.3645832538604736], [0.71875, 3.4479167461395264], [1.4895833730697632, 3.46875], [2.3020832538604736, 3.46875], [2.1354167461395264, 2.3645832538604736], [2.1145832538604736, 1.5520833730697632], [2.34375, 0.6770833134651184]], "sling": [[1.46875, 0.28125], [0.6354166865348816, 2.2395832538604736], [1.3229166269302368, 0.3854166567325592], [1.4895833730697632, 0.4270833432674408], [1.65625, 0.40625], [2.3645832538604736, 2.2604167461395264], [1.2604166269302368, 0.34375], [0.8645833134651184, 1.53125], [0.8645833134651184, 2.3645832538604736], [0.71875, 3.4479167461395264], [1.4895833730697632, 3.46875], [2.3020832538604736, 3.46875], [2.1354167461395264, 2.3645832538604736], [2.1145832538604736, 1.5520833730697632], [1.6770833730697632, 0.3854166567325592]]}