{"long": [[1.5520833730697632, 1.6770833730697632], [0.40625, 0.8854166865348816], [0.9270833134651184, 1.4895833730697632], [1.5520833730697632, 1.6979166269302368], [2.1354167461395264, 1.4895833730697632], [2.5729167461395264, 0.8645833134651184], [0.34375, 0.8645833134651184], [0.3645833432674408, 2.2604167461395264], [0.34375, 0.8645833134651184], [0.4270833432674408, 2.6979167461395264], [0.3229166567325592, 0.8645833134651184], [0.28125, 1.5729166269302368], [0.40625, 1.28125], [0.5104166865348816, 1.34375], [0.40625, 1.4479166269302368], [0.3854166567325592, 1.5104166269302368], [0.3645833432674408, 1.6354166269302368], [0.3645833432674408, 2.0729167461395264], [0.46875, 3.1354167461395264], [1.59375, 3.1354167461395264], [2.6145832538604736, 3.15625], [2.6770832538604736, 2.34375], [2.6979167461395264, 1.71875], [2.6770832538604736, 1.5729166269302368], [2.46875, 1.4270833730697632], [2.4479167461395264, 1.28125], [2.5104167461395264, 1.1354166269302368], [1.6979166269302368, 3.1354167461395264], [2.65625, 0.8020833134651184], [2.6770832538604736, 1.1145833730697632], [2.65625, 0.84375], [2.6979167461395264, 2.15625], [2.6354167461395264, 0.8645833134651184]], "vest": [[1.5520833730697632, 1.6770833730697632], [0.40625, 0.8854166865348816], [0.9270833134651184, 1.4895833730697632], [1.5520833730697632, 1.6979166269302368], [2.1354167461395264, 1.4895833730697632], [2.5729167461395264, 0.8645833134651184], [0.34375, 0.8645833134651184], [0.3645833432674408, 1.6354166269302368], [0.3645833432674408, 2.0729167461395264], [0.46875, 3.1354167461395264], [1.59375, 3.1354167461395264], [2.6145832538604736, 3.15625], [2.6770832538604736, 2.34375], [2.6979167461395264, 1.71875], [2.6354167461395264, 0.84375]], "sling": [[1.5520833730697632, 1.6770833730697632], [0.5104166865348816, 1.34375], [1.03125, 1.5520833730697632], [1.5520833730697632, 1.6979166269302368], [2.0104167461395264, 1.53125], [2.4479167461395264, 1.28125], [0.34375, 0.8645833134651184], [0.3645833432674408, 1.6354166269302368], [0.3645833432674408, 2.0729167461395264], [0.46875, 3.1354167461395264], [1.59375, 3.1354167461395264], [2.6145832538604736, 3.15625], [2.6770832538604736, 2.34375], [2.6979167461395264, 1.71875], [2.6354167461395264, 0.84375]]}