{"long": [[1.46875, 0.46875], [0.9895833134651184, 0.34375], [1.1354166269302368, 0.78125], [1.46875, 1.1770833730697632], [1.8020833730697632, 0.7604166865348816], [1.9479166269302368, 0.34375], [0.5729166865348816, 0.53125], [0.40625, 1.3229166269302368], [0.3020833432674408, 2.1145832538604736], [0.28125, 2.8854167461395264], [0.3229166567325592, 3.65625], [0.59375, 3.65625], [0.6145833134651184, 2.84375], [0.6145833134651184, 2.1770832538604736], [0.71875, 1.6770833730697632], [0.8020833134651184, 1.2604166269302368], [0.84375, 1.4270833730697632], [0.84375, 2.1979167461395264], [0.6770833134651184, 3.1145832538604736], [1.4895833730697632, 3.1354167461395264], [2.3020832538604736, 3.1354167461395264], [2.1354167461395264, 2.1770832538604736], [2.1354167461395264, 1.40625], [2.1979167461395264, 1.21875], [2.2395832538604736, 1.6770833730697632], [2.3229167461395264, 2.1770832538604736], [2.3645832538604736, 2.9479167461395264], [2.3854167461395264, 3.65625], [2.6770832538604736, 3.65625], [2.6979167461395264, 2.9479167461395264], [2.71875, 2.1145832538604736], [2.6145832538604736, 1.3229166269302368], [2.40625, 0.53125]], "vest": [[1.46875, 0.46875], [0.9895833134651184, 0.34375], [1.1354166269302368, 0.78125], [1.46875, 1.1770833730697632], [1.8020833730697632, 0.7604166865348816], [1.9479166269302368, 0.34375], [0.5729166865348816, 0.53125], [0.84375, 1.40625], [0.84375, 2.1979167461395264], [0.6770833134651184, 3.1145832538604736], [1.4895833730697632, 3.1354167461395264], [2.3020832538604736, 3.1354167461395264], [2.1354167461395264, 2.1770832538604736], [2.1354167461395264, 1.40625], [2.40625, 0.53125]], "sling": [[1.46875, 0.46875], [0.6145833134651184, 2.1770832538604736], [1.34375, 1.4895833730697632], [1.46875, 1.1770833730697632], [1.5520833730697632, 1.5104166269302368], [2.3229167461395264, 2.1770832538604736], [1.1145833730697632, 0.7395833134651184], [0.84375, 1.40625], [0.84375, 2.1979167461395264], [0.6770833134651184, 3.1145832538604736], [1.4895833730697632, 3.1354167461395264], [2.3020832538604736, 3.1354167461395264], [2.1354167461395264, 2.1770832538604736], [2.1354167461395264, 1.40625], [1.8020833730697632, 0.7395833134651184]]}