{"long": [[1.46875, 0.40625], [0.71875, 0.4270833432674408], [0.9895833134651184, 0.8020833134651184], [1.5104166269302368, 0.9479166865348816], [1.9895833730697632, 0.8020833134651184], [2.21875, 0.4270833432674408], [0.5104166865348816, 0.59375], [0.3854166567325592, 1.34375], [0.3020833432674408, 2.1354167461395264], [0.3020833432674408, 2.8645832538604736], [0.3229166567325592, 3.59375], [0.6145833134651184, 3.59375], [0.6145833134651184, 2.8854167461395264], [0.6145833134651184, 2.1770832538604736], [0.6770833134651184, 1.7395833730697632], [0.8229166865348816, 1.3854166269302368], [0.8645833134651184, 1.5104166269302368], [0.8854166865348816, 1.9895833730697632], [0.7395833134651184, 2.59375], [1.5104166269302368, 2.59375], [2.2604167461395264, 2.59375], [2.15625, 1.9895833730697632], [2.15625, 1.46875], [2.1979167461395264, 1.34375], [2.3229167461395264, 1.6979166269302368], [2.3854167461395264, 2.1770832538604736], [2.40625, 2.8854167461395264], [2.4270832538604736, 3.59375], [2.6979167461395264, 3.59375], [2.6979167461395264, 2.8645832538604736], [2.6979167461395264, 2.1145832538604736], [2.6354167461395264, 1.34375], [2.4479167461395264, 0.5520833134651184]], "vest": [[1.46875, 0.40625], [0.71875, 0.4270833432674408], [0.9895833134651184, 0.8020833134651184], [1.5104166269302368, 0.9479166865348816], [1.9895833730697632, 0.8020833134651184], [2.21875, 0.4270833432674408], [0.53125, 0.59375], [0.8645833134651184, 1.5104166269302368], [0.8854166865348816, 1.9895833730697632], [0.7395833134651184, 2.59375], [1.5104166269302368, 2.59375], [2.2604167461395264, 2.59375], [2.15625, 1.9895833730697632], [2.15625, 1.46875], [2.4479167461395264, 0.5520833134651184]], "sling": [[1.46875, 0.40625], [0.6145833134651184, 2.1770832538604736], [1.1145833730697632, 0.8854166865348816], [1.5104166269302368, 0.9479166865348816], [1.8854166269302368, 0.8645833134651184], [2.3854167461395264, 2.1770832538604736], [0.5729166865348816, 0.5520833134651184], [0.8645833134651184, 1.5104166269302368], [0.8854166865348816, 1.9895833730697632], [0.7395833134651184, 2.59375], [1.5104166269302368, 2.59375], [2.2604167461395264, 2.59375], [2.15625, 1.9895833730697632], [2.15625, 1.46875], [2.28125, 0.4479166567325592]]}