{"long": [[1.4895833730697632, 0.8854166865348816], [1.21875, 0.8020833134651184], [1.3229166269302368, 0.9479166865348816], [1.4895833730697632, 0.96875], [1.6354166269302368, 0.9479166865348816], [1.71875, 0.8229166865348816], [0.84375, 0.9895833134651184], [0.5729166865348816, 1.3645833730697632], [0.4270833432674408, 1.84375], [0.34375, 2.21875], [0.28125, 2.6145832538604736], [0.6770833134651184, 2.65625], [0.6770833134651184, 2.28125], [0.71875, 2.0104167461395264], [0.78125, 1.78125], [0.8854166865348816, 1.5520833730697632], [0.90625, 1.6770833730697632], [0.8229166865348816, 2.3020832538604736], [0.6979166865348816, 3.0520832538604736], [1.4895833730697632, 3.1770832538604736], [2.28125, 3.03125], [2.1354167461395264, 2.3229167461395264], [2.0729167461395264, 1.7395833730697632], [2.1145832538604736, 1.65625], [2.1770832538604736, 1.84375], [2.2395832538604736, 2.09375], [2.3020832538604736, 2.3645832538604736], [2.34375, 2.6979167461395264], [2.6979167461395264, 2.6145832538604736], [2.59375, 2.2604167461395264], [2.53125, 1.9270833730697632], [2.4270832538604736, 1.4479166269302368], [2.1354167461395264, 1.03125]], "vest": [[1.4895833730697632, 0.8854166865348816], [1.21875, 0.8020833134651184], [1.3229166269302368, 0.9479166865348816], [1.4895833730697632, 0.96875], [1.6354166269302368, 0.9479166865348816], [1.71875, 0.8229166865348816], [0.84375, 0.9895833134651184], [0.90625, 1.6770833730697632], [0.8229166865348816, 2.3229167461395264], [0.6979166865348816, 3.0520832538604736], [1.4895833730697632, 3.1770832538604736], [2.28125, 3.03125], [2.1354167461395264, 2.3229167461395264], [2.0520832538604736, 1.7395833730697632], [2.1354167461395264, 1.03125]], "sling": [[1.4895833730697632, 0.8854166865348816], [0.71875, 2.0104167461395264], [1.3229166269302368, 0.96875], [1.4895833730697632, 0.96875], [1.65625, 0.96875], [2.2395832538604736, 2.09375], [1.2395833730697632, 0.84375], [0.90625, 1.6770833730697632], [0.8229166865348816, 2.3229167461395264], [0.6979166865348816, 3.0520832538604736], [1.4895833730697632, 3.1770832538604736], [2.28125, 3.03125], [2.1354167461395264, 2.3229167461395264], [2.0520832538604736, 1.7395833730697632], [1.6770833730697632, 0.90625]]}