{"long": [[1.4895833730697632, 0.6770833134651184], [0.8854166865348816, 0.5729166865348816], [1.15625, 0.7395833134651184], [1.4895833730697632, 0.8020833134651184], [1.8229166269302368, 0.7395833134651184], [2.09375, 0.5729166865348816], [0.59375, 0.6770833134651184], [0.3854166567325592, 1.34375], [0.3229166567325592, 1.7604166269302368], [0.3020833432674408, 1.9270833730697632], [0.28125, 2.0729167461395264], [0.6354166865348816, 2.1354167461395264], [0.65625, 2.0104167461395264], [0.6770833134651184, 1.84375], [0.71875, 1.7395833730697632], [0.7604166865348816, 1.3645833730697632], [0.8020833134651184, 1.5104166269302368], [0.8229166865348816, 2.3854167461395264], [0.65625, 3.40625], [1.4895833730697632, 3.4270832538604736], [2.3229167461395264, 3.4270832538604736], [2.15625, 2.3645832538604736], [2.1354167461395264, 1.5104166269302368], [2.1770832538604736, 1.3645833730697632], [2.2604167461395264, 1.7395833730697632], [2.28125, 1.84375], [2.3229167461395264, 2.0520832538604736], [2.3645832538604736, 2.1979167461395264], [2.71875, 2.1354167461395264], [2.6770832538604736, 1.9479166269302368], [2.65625, 1.84375], [2.5729167461395264, 1.3854166269302368], [2.3854167461395264, 0.71875]], "vest": [[1.4895833730697632, 0.6770833134651184], [0.8854166865348816, 0.5729166865348816], [1.15625, 0.7395833134651184], [1.4895833730697632, 0.8020833134651184], [1.8229166269302368, 0.7395833134651184], [2.09375, 0.5729166865348816], [0.59375, 0.6770833134651184], [0.8020833134651184, 1.5104166269302368], [0.8229166865348816, 2.3854167461395264], [0.65625, 3.40625], [1.4895833730697632, 3.4270832538604736], [2.3229167461395264, 3.4270832538604736], [2.15625, 2.3645832538604736], [2.1354167461395264, 1.5104166269302368], [2.3854167461395264, 0.71875]], "sling": [[1.4895833730697632, 0.6979166865348816], [0.6770833134651184, 1.84375], [1.1979166269302368, 0.7395833134651184], [1.4895833730697632, 0.8020833134651184], [1.78125, 0.7395833134651184], [2.28125, 1.84375], [0.65625, 0.6354166865348816], [0.8020833134651184, 1.5104166269302368], [0.8229166865348816, 2.3854167461395264], [0.65625, 3.40625], [1.4895833730697632, 3.4270832538604736], [2.3229167461395264, 3.4270832538604736], [2.15625, 2.3645832538604736], [2.1354167461395264, 1.5104166269302368], [2.3229167461395264, 0.65625]]}