{"long": [[1.4895833730697632, 0.53125], [1.09375, 0.46875], [1.21875, 0.6979166865348816], [1.4895833730697632, 0.78125], [1.78125, 0.6979166865348816], [1.90625, 0.46875], [0.59375, 0.7395833134651184], [0.40625, 1.2604166269302368], [0.3229166567325592, 1.59375], [0.3229166567325592, 1.65625], [0.3020833432674408, 1.78125], [0.71875, 1.8645833730697632], [0.71875, 1.78125], [0.7395833134651184, 1.6770833730697632], [0.7395833134651184, 1.6354166269302368], [0.7604166865348816, 1.46875], [0.8020833134651184, 1.59375], [0.8020833134651184, 2.4895832538604736], [0.6354166865348816, 3.5104167461395264], [1.5104166269302368, 3.53125], [2.3854167461395264, 3.4895832538604736], [2.21875, 2.4479167461395264], [2.21875, 1.59375], [2.2604167461395264, 1.46875], [2.28125, 1.6354166269302368], [2.3020832538604736, 1.6770833730697632], [2.3020832538604736, 1.7604166269302368], [2.3229167461395264, 1.8645833730697632], [2.6979167461395264, 1.78125], [2.6770832538604736, 1.65625], [2.6770832538604736, 1.59375], [2.6145832538604736, 1.2395833730697632], [2.40625, 0.6979166865348816]], "vest": [[1.4895833730697632, 0.53125], [1.09375, 0.46875], [1.21875, 0.6979166865348816], [1.4895833730697632, 0.78125], [1.78125, 0.6979166865348816], [1.90625, 0.46875], [0.59375, 0.7395833134651184], [0.8020833134651184, 1.59375], [0.8020833134651184, 2.4895832538604736], [0.6354166865348816, 3.5104167461395264], [1.5104166269302368, 3.53125], [2.3854167461395264, 3.4895832538604736], [2.21875, 2.4479167461395264], [2.21875, 1.5729166269302368], [2.40625, 0.6979166865348816]], "sling": [[1.4895833730697632, 0.5520833134651184], [0.7395833134651184, 1.6770833730697632], [1.2395833730697632, 0.71875], [1.4895833730697632, 0.78125], [1.7604166269302368, 0.71875], [2.3020832538604736, 1.6770833730697632], [0.59375, 0.7395833134651184], [0.8020833134651184, 1.5729166269302368], [0.8020833134651184, 2.4895832538604736], [0.6354166865348816, 3.5104167461395264], [1.5104166269302368, 3.53125], [2.3854167461395264, 3.4895832538604736], [2.21875, 2.4479167461395264], [2.21875, 1.5729166269302368], [2.40625, 0.71875]]}