{"long": [[1.4895833730697632, 0.6979166865348816], [1.0520833730697632, 0.5104166865348816], [1.1979166269302368, 0.7604166865348816], [1.4895833730697632, 0.8645833134651184], [1.78125, 0.7604166865348816], [1.9270833730697632, 0.5104166865348816], [0.6145833134651184, 0.6770833134651184], [0.4270833432674408, 1.0520833730697632], [0.34375, 1.2604166269302368], [0.3229166567325592, 1.34375], [0.28125, 1.4270833730697632], [0.71875, 1.59375], [0.71875, 1.53125], [0.7395833134651184, 1.5104166269302368], [0.7604166865348816, 1.4895833730697632], [0.78125, 1.4270833730697632], [0.8020833134651184, 1.5520833730697632], [0.8229166865348816, 2.40625], [0.6770833134651184, 3.4479167461395264], [1.53125, 3.4895832538604736], [2.3854167461395264, 3.4479167461395264], [2.21875, 2.3854167461395264], [2.21875, 1.53125], [2.2395832538604736, 1.40625], [2.2395832538604736, 1.46875], [2.2604167461395264, 1.4895833730697632], [2.28125, 1.53125], [2.28125, 1.59375], [2.71875, 1.4270833730697632], [2.6770832538604736, 1.34375], [2.65625, 1.2395833730697632], [2.59375, 1.0520833730697632], [2.3645832538604736, 0.6979166865348816]], "vest": [[1.4895833730697632, 0.6979166865348816], [1.0520833730697632, 0.5104166865348816], [1.1979166269302368, 0.7604166865348816], [1.4895833730697632, 0.8645833134651184], [1.78125, 0.7604166865348816], [1.9270833730697632, 0.5104166865348816], [0.6145833134651184, 0.6770833134651184], [0.8020833134651184, 1.5729166269302368], [0.8229166865348816, 2.40625], [0.6770833134651184, 3.4479167461395264], [1.53125, 3.4895832538604736], [2.3854167461395264, 3.4479167461395264], [2.21875, 2.3854167461395264], [2.1979167461395264, 1.5520833730697632], [2.3645832538604736, 0.6979166865348816]], "sling": [[1.4895833730697632, 0.71875], [1.0104166269302368, 1.1145833730697632], [1.1979166269302368, 1.1979166269302368], [1.4895833730697632, 0.8645833134651184], [1.78125, 1.1979166269302368], [2.1770832538604736, 1.28125], [0.65625, 0.6354166865348816], [0.8229166865348816, 1.5729166269302368], [0.8229166865348816, 2.40625], [0.6770833134651184, 3.4479167461395264], [1.53125, 3.4895832538604736], [2.3854167461395264, 3.4479167461395264], [2.21875, 2.3854167461395264], [2.1979167461395264, 1.53125], [2.3020832538604736, 0.65625]]}