{"long": [[1.5104166269302368, 0.8229166865348816], [0.9270833134651184, 0.6979166865348816], [1.15625, 0.9479166865348816], [1.5104166269302368, 1.03125], [1.84375, 0.9479166865348816], [2.0520832538604736, 0.6979166865348816], [0.6145833134651184, 0.84375], [0.4270833432674408, 1.1979166269302368], [0.3229166567325592, 1.5104166269302368], [0.3229166567325592, 1.4895833730697632], [0.28125, 1.5520833730697632], [0.59375, 1.8645833730697632], [0.59375, 1.84375], [0.65625, 1.8854166269302368], [0.6770833134651184, 1.8854166269302368], [0.7395833134651184, 1.90625], [0.78125, 1.9895833730697632], [0.7604166865348816, 2.5520832538604736], [0.6770833134651184, 3.2604167461395264], [1.4895833730697632, 2.9479167461395264], [2.34375, 3.21875], [2.2395832538604736, 2.53125], [2.1979167461395264, 1.96875], [2.1979167461395264, 1.8645833730697632], [2.28125, 1.90625], [2.28125, 1.9270833730697632], [2.3020832538604736, 1.9270833730697632], [2.3645832538604736, 1.96875], [2.71875, 1.5729166269302368], [2.6770832538604736, 1.5104166269302368], [2.59375, 1.3645833730697632], [2.5104167461395264, 1.2395833730697632], [2.3229167461395264, 0.84375]], "vest": [[1.5104166269302368, 0.8229166865348816], [0.9270833134651184, 0.6979166865348816], [1.15625, 0.9479166865348816], [1.5104166269302368, 1.03125], [1.84375, 0.9479166865348816], [2.0520832538604736, 0.6979166865348816], [0.6145833134651184, 0.84375], [0.78125, 1.9895833730697632], [0.7604166865348816, 2.5520832538604736], [0.6770833134651184, 3.2604167461395264], [1.4895833730697632, 2.9479167461395264], [2.34375, 3.21875], [2.2395832538604736, 2.53125], [2.1979167461395264, 1.9895833730697632], [2.3020832538604736, 0.84375]], "sling": [[1.5104166269302368, 0.84375], [0.6979166865348816, 1.8854166269302368], [1.2395833730697632, 0.9895833134651184], [1.5104166269302368, 1.03125], [1.7604166269302368, 1.0104166269302368], [2.21875, 1.9270833730697632], [0.9479166865348816, 0.6979166865348816], [0.78125, 1.9895833730697632], [0.7604166865348816, 2.5520832538604736], [0.6770833134651184, 3.2604167461395264], [1.4895833730697632, 2.9479167461395264], [2.34375, 3.21875], [2.2395832538604736, 2.53125], [2.1979167461395264, 1.9895833730697632], [2.15625, 0.7604166865348816]]}