{"long": [[1.4479166269302368, 0.3854166567325592], [1.0104166269302368, 0.34375], [1.1354166269302368, 0.6145833134651184], [1.4479166269302368, 0.71875], [1.78125, 0.6145833134651184], [1.90625, 0.3645833432674408], [0.5729166865348816, 0.5520833134651184], [0.3645833432674408, 1.2604166269302368], [0.3020833432674408, 2.03125], [0.3020833432674408, 2.8020832538604736], [0.34375, 3.59375], [0.59375, 3.59375], [0.6145833134651184, 2.78125], [0.65625, 2.09375], [0.71875, 1.59375], [0.78125, 1.1979166269302368], [0.8229166865348816, 1.34375], [0.84375, 1.9479166269302368], [0.7395833134651184, 2.6770832538604736], [1.4479166269302368, 2.6770832538604736], [2.15625, 2.6770832538604736], [2.0729167461395264, 1.96875], [2.09375, 1.3854166269302368], [2.1145832538604736, 1.2604166269302368], [2.21875, 1.5729166269302368], [2.28125, 2.0729167461395264], [2.3645832538604736, 2.78125], [2.4479167461395264, 3.6145832538604736], [2.6979167461395264, 3.6145832538604736], [2.6770832538604736, 2.78125], [2.6354167461395264, 1.9479166269302368], [2.5104167461395264, 1.1979166269302368], [2.3229167461395264, 0.5520833134651184]], "vest": [[1.4479166269302368, 0.3854166567325592], [1.0104166269302368, 0.34375], [1.1354166269302368, 0.6145833134651184], [1.4479166269302368, 0.71875], [1.78125, 0.6145833134651184], [1.90625, 0.3645833432674408], [0.5729166865348816, 0.5520833134651184], [0.8229166865348816, 1.34375], [0.84375, 1.9479166269302368], [0.7395833134651184, 2.6770832538604736], [1.4479166269302368, 2.6770832538604736], [2.15625, 2.6770832538604736], [2.09375, 1.96875], [2.09375, 1.3854166269302368], [2.3229167461395264, 0.5520833134651184]], "sling": [[1.4479166269302368, 0.3854166567325592], [0.65625, 2.09375], [1.1979166269302368, 0.6770833134651184], [1.4479166269302368, 0.71875], [1.71875, 0.6770833134651184], [2.28125, 2.0729167461395264], [1.0104166269302368, 0.34375], [0.8229166865348816, 1.34375], [0.84375, 1.9479166269302368], [0.7395833134651184, 2.6770832538604736], [1.4479166269302368, 2.6770832538604736], [2.15625, 2.6770832538604736], [2.0729167461395264, 1.96875], [2.09375, 1.3854166269302368], [1.90625, 0.3645833432674408]]}